time,target,true_x,true_z,meas_x,meas_z
0.064,TARGET_1,-0.597991,-0.498414,-0.578605,-0.501605
0.064,TARGET_2,0.598190,0.498190,0.579791,0.478572
0.128,TARGET_1,-0.595981,-0.496827,-0.604499,-0.501772
0.128,TARGET_2,0.596380,0.496380,0.592502,0.506743
0.192,TARGET_1,-0.593972,-0.495241,-0.577034,-0.490786
0.192,TARGET_2,0.594569,0.494569,0.609341,0.476021
0.256,TARGET_1,-0.591963,-0.493655,-0.592136,-0.498127
0.256,TARGET_2,0.592759,0.492759,0.610481,0.510682
0.320,TARGET_1,-0.589954,-0.492069,-0.596981,-0.499195
0.320,TARGET_2,0.590949,0.490949,0.592925,0.507310
0.384,TARGET_1,-0.587944,-0.490482,-0.604118,-0.507965
0.384,TARGET_2,0.589139,0.489139,0.573464,0.470937
0.448,TARGET_1,-0.585935,-0.488896,-0.574879,-0.501751
0.448,TARGET_2,0.587329,0.487329,0.567963,0.482203
0.512,TARGET_1,-0.583926,-0.487310,-0.595841,-0.506821
0.512,TARGET_2,0.585518,0.485518,0.573214,0.496763
0.576,TARGET_1,-0.581916,-0.485723,-0.592078,-0.473628
0.576,TARGET_2,0.583708,0.483708,0.597628,0.478229
0.640,TARGET_1,-0.579907,-0.484137,-0.560973,-0.470400
0.640,TARGET_2,0.581898,0.481898,0.567000,0.465870
0.704,TARGET_1,-0.577898,-0.482551,-0.570313,-0.463837
0.704,TARGET_2,0.580088,0.480088,0.591612,0.478328
0.768,TARGET_1,-0.575888,-0.480965,-0.584434,-0.495673
0.768,TARGET_2,0.578278,0.478278,0.580891,0.494595
0.832,TARGET_1,-0.573879,-0.479378,-0.562172,-0.483831
0.832,TARGET_2,0.576467,0.476467,0.571923,0.493513
0.896,TARGET_1,-0.571870,-0.477792,-0.570352,-0.496967
0.896,TARGET_2,0.574657,0.474657,0.558027,0.473039
0.960,TARGET_1,-0.569861,-0.476206,-0.556570,-0.491088
0.960,TARGET_2,0.572847,0.472847,0.583660,0.470521
1.024,TARGET_1,-0.567851,-0.474619,-0.565039,-0.477061
1.024,TARGET_2,0.571037,0.471037,0.571907,0.465241
1.088,TARGET_1,-0.565842,-0.473033,-0.559211,-0.467712
1.088,TARGET_2,0.569227,0.469227,0.570790,0.464477
1.152,TARGET_1,-0.563833,-0.471447,-0.554961,-0.453286
1.152,TARGET_2,0.567417,0.467417,0.564666,0.454327
1.216,TARGET_1,-0.561823,-0.469861,-0.548060,-0.474027
1.216,TARGET_2,0.565606,0.465606,0.576938,0.476547
1.280,TARGET_1,-0.559814,-0.468274,-0.579702,-0.478607
1.280,TARGET_2,0.563796,0.463796,0.570359,0.472662
1.344,TARGET_1,-0.557805,-0.466688,-0.543813,-0.477166
1.344,TARGET_2,0.561986,0.461986,0.551157,0.476587
1.408,TARGET_1,-0.555795,-0.465102,-0.559933,-0.477721
1.408,TARGET_2,0.560176,0.460176,0.543241,0.477013
1.472,TARGET_1,-0.553786,-0.463515,-0.555363,-0.474667
1.472,TARGET_2,0.558366,0.458366,0.558725,0.450810
1.536,TARGET_1,-0.551777,-0.461929,-0.560386,-0.458155
1.536,TARGET_2,0.556555,0.456555,0.551048,0.448701
1.600,TARGET_1,-0.549768,-0.460343,-0.560270,-0.473070
1.600,TARGET_2,0.554745,0.454745,0.556909,0.474440
1.664,TARGET_1,-0.547758,-0.458756,-0.527818,-0.456360
1.664,TARGET_2,0.552935,0.452935,0.533280,0.438762
1.728,TARGET_1,-0.545749,-0.457170,-0.560230,-0.441501
1.728,TARGET_2,0.551125,0.451125,0.535757,0.449359
1.792,TARGET_1,-0.543740,-0.455584,-0.543983,-0.458795
1.792,TARGET_2,0.549315,0.449315,0.544480,0.438097
1.856,TARGET_1,-0.541730,-0.453998,-0.551543,-0.440283
1.856,TARGET_2,0.547504,0.447504,0.543879,0.466777
1.920,TARGET_1,-0.539721,-0.452411,-0.553594,-0.458032
1.920,TARGET_2,0.545694,0.445694,0.562515,0.432634
1.984,TARGET_1,-0.537712,-0.450825,-0.530583,-0.444511
1.984,TARGET_2,0.543884,0.443884,0.559224,0.434878
2.048,TARGET_1,-0.535702,-0.449239,-0.527301,-0.443842
2.048,TARGET_2,0.542074,0.442074,0.541861,0.443478
2.112,TARGET_1,-0.533693,-0.447652,-0.534267,-0.462656
2.112,TARGET_2,0.540264,0.440264,0.524860,0.451482
2.176,TARGET_1,-0.531684,-0.446066,-0.539655,-0.449297
2.176,TARGET_2,0.538453,0.438453,0.551879,0.432076
2.240,TARGET_1,-0.529675,-0.444480,-0.515519,-0.430156
2.240,TARGET_2,0.536643,0.436643,0.549763,0.441695
2.304,TARGET_1,-0.527665,-0.442894,-0.522074,-0.451853
2.304,TARGET_2,0.534833,0.434833,0.520101,0.430363
2.368,TARGET_1,-0.525656,-0.441307,-0.533749,-0.438017
2.368,TARGET_2,0.533023,0.433023,0.514591,0.420576
2.432,TARGET_1,-0.523647,-0.439721,-0.530818,-0.449452
2.432,TARGET_2,0.531213,0.431213,0.540508,0.415928
2.496,TARGET_1,-0.521637,-0.438135,-0.540308,-0.456390
2.496,TARGET_2,0.529402,0.429402,0.522470,0.420779
2.560,TARGET_1,-0.519628,-0.436548,-0.529955,-0.431612
2.560,TARGET_2,0.527592,0.427592,0.546813,0.412161
2.624,TARGET_1,-0.517619,-0.434962,-0.518967,-0.433182
2.624,TARGET_2,0.525782,0.425782,0.514770,0.445224
2.688,TARGET_1,-0.515609,-0.433376,-0.529325,-0.445526
2.688,TARGET_2,0.523972,0.423972,0.510742,0.413419
2.752,TARGET_1,-0.513600,-0.431790,-0.501384,-0.447641
2.752,TARGET_2,0.522162,0.422162,0.531893,0.404739
2.816,TARGET_1,-0.511591,-0.430203,-0.517519,-0.437146
2.816,TARGET_2,0.520351,0.420351,0.525316,0.415174
2.880,TARGET_1,-0.509582,-0.428617,-0.497570,-0.438951
2.880,TARGET_2,0.518541,0.418541,0.499044,0.400728
2.944,TARGET_1,-0.507572,-0.427031,-0.509837,-0.427284
2.944,TARGET_2,0.516731,0.416731,0.533127,0.429172
3.008,TARGET_1,-0.505563,-0.425444,-0.501361,-0.429826
3.008,TARGET_2,0.514921,0.414921,0.497029,0.432822
3.072,TARGET_1,-0.503554,-0.423858,-0.511266,-0.422706
3.072,TARGET_2,0.513111,0.413111,0.499627,0.403590
3.136,TARGET_1,-0.501544,-0.422272,-0.490882,-0.405106
3.136,TARGET_2,0.511301,0.411301,0.518018,0.411534
3.200,TARGET_1,-0.499535,-0.420686,-0.514438,-0.422224
3.200,TARGET_2,0.509490,0.409490,0.511406,0.408193
3.264,TARGET_1,-0.497526,-0.419099,-0.504022,-0.405348
3.264,TARGET_2,0.507680,0.407680,0.506334,0.395920
3.328,TARGET_1,-0.495516,-0.417513,-0.492613,-0.397788
3.328,TARGET_2,0.505870,0.405870,0.519472,0.404491
3.392,TARGET_1,-0.493507,-0.415927,-0.508896,-0.435419
3.392,TARGET_2,0.504060,0.404060,0.484242,0.416229
3.456,TARGET_1,-0.491498,-0.414340,-0.507634,-0.410581
3.456,TARGET_2,0.502250,0.402250,0.487530,0.400888
3.520,TARGET_1,-0.489489,-0.412754,-0.509321,-0.428092
3.520,TARGET_2,0.500439,0.400439,0.482715,0.401563
3.584,TARGET_1,-0.487479,-0.411168,-0.492904,-0.422115
3.584,TARGET_2,0.498629,0.398629,0.505274,0.392850
3.648,TARGET_1,-0.485470,-0.409582,-0.485278,-0.422639
3.648,TARGET_2,0.496819,0.396819,0.477227,0.412535
3.712,TARGET_1,-0.483461,-0.407995,-0.471350,-0.400321
3.712,TARGET_2,0.495009,0.395009,0.506653,0.408048
3.776,TARGET_1,-0.481451,-0.406409,-0.488386,-0.398426
3.776,TARGET_2,0.493199,0.393199,0.488530,0.378921
3.840,TARGET_1,-0.479442,-0.404823,-0.488400,-0.400646
3.840,TARGET_2,0.491388,0.391388,0.473162,0.376526
3.904,TARGET_1,-0.477433,-0.403236,-0.492365,-0.403506
3.904,TARGET_2,0.489578,0.389578,0.488434,0.382320
3.968,TARGET_1,-0.475423,-0.401650,-0.459939,-0.382144
3.968,TARGET_2,0.487768,0.387768,0.482128,0.385855
4.032,TARGET_1,-0.473414,-0.400064,-0.478514,-0.418208
4.032,TARGET_2,0.485958,0.385958,0.470592,0.403808
4.096,TARGET_1,-0.471405,-0.398477,-0.455289,-0.398577
4.096,TARGET_2,0.484148,0.384148,0.479972,0.401279
4.160,TARGET_1,-0.469396,-0.396891,-0.476168,-0.393739
4.160,TARGET_2,0.482337,0.382337,0.486277,0.376592
4.224,TARGET_1,-0.467386,-0.395305,-0.455171,-0.404492
4.224,TARGET_2,0.480527,0.380527,0.500515,0.370883
4.288,TARGET_1,-0.465377,-0.393719,-0.478176,-0.385772
4.288,TARGET_2,0.478717,0.378717,0.485167,0.383674
4.352,TARGET_1,-0.463368,-0.392132,-0.464677,-0.396335
4.352,TARGET_2,0.476907,0.376907,0.488237,0.395746
4.416,TARGET_1,-0.461358,-0.390546,-0.471365,-0.383044
4.416,TARGET_2,0.475097,0.375097,0.481124,0.360498
4.480,TARGET_1,-0.459349,-0.388960,-0.461238,-0.408531
4.480,TARGET_2,0.473286,0.373286,0.486576,0.365095
4.544,TARGET_1,-0.457340,-0.387373,-0.462013,-0.390945
4.544,TARGET_2,0.471476,0.371476,0.482975,0.382614
4.608,TARGET_1,-0.455330,-0.385787,-0.457593,-0.404584
4.608,TARGET_2,0.469666,0.369666,0.471195,0.376465
4.672,TARGET_1,-0.453321,-0.384201,-0.456314,-0.370113
4.672,TARGET_2,0.467856,0.367856,0.470294,0.378328
4.736,TARGET_1,-0.451312,-0.382615,-0.439756,-0.383166
4.736,TARGET_2,0.466046,0.366046,0.468275,0.380849
4.800,TARGET_1,-0.449303,-0.381028,-0.435842,-0.390032
4.800,TARGET_2,0.464235,0.364235,0.454186,0.346360
4.864,TARGET_1,-0.447293,-0.379442,-0.459987,-0.379218
4.864,TARGET_2,0.462425,0.362425,0.477789,0.372860
4.928,TARGET_1,-0.445284,-0.377856,-0.448036,-0.397620
4.928,TARGET_2,0.460615,0.360615,0.463062,0.358506
4.992,TARGET_1,-0.443275,-0.376269,-0.444761,-0.360037
4.992,TARGET_2,0.458805,0.358805,0.441782,0.365887
5.056,TARGET_1,-0.441265,-0.374683,-0.451650,-0.360825
5.056,TARGET_2,0.456995,0.356995,0.453427,0.347287
5.120,TARGET_1,-0.439256,-0.373097,-0.437733,-0.376373
5.120,TARGET_2,0.455185,0.355185,0.457662,0.352247
5.184,TARGET_1,-0.437247,-0.371511,-0.437230,-0.387222
5.184,TARGET_2,0.453374,0.353374,0.465656,0.358607
5.248,TARGET_1,-0.435237,-0.369924,-0.437712,-0.368520
5.248,TARGET_2,0.451564,0.351564,0.436468,0.368346
5.312,TARGET_1,-0.433228,-0.368338,-0.422589,-0.377602
5.312,TARGET_2,0.449754,0.349754,0.464777,0.349412
5.376,TARGET_1,-0.431219,-0.366752,-0.431626,-0.347412
5.376,TARGET_2,0.447944,0.347944,0.446163,0.344831
5.440,TARGET_1,-0.429210,-0.365165,-0.443266,-0.374564
5.440,TARGET_2,0.446134,0.346134,0.426252,0.330339
5.504,TARGET_1,-0.427200,-0.363579,-0.422491,-0.350720
5.504,TARGET_2,0.444323,0.344323,0.459908,0.341753
5.568,TARGET_1,-0.425191,-0.361993,-0.417994,-0.366120
5.568,TARGET_2,0.442513,0.342513,0.426764,0.333385
5.632,TARGET_1,-0.423182,-0.360407,-0.412381,-0.373939
5.632,TARGET_2,0.440703,0.340703,0.429343,0.328712
5.696,TARGET_1,-0.421172,-0.358820,-0.409182,-0.344273
5.696,TARGET_2,0.438893,0.338893,0.419987,0.324552
5.760,TARGET_1,-0.419163,-0.357234,-0.420399,-0.356483
5.760,TARGET_2,0.437083,0.337083,0.442877,0.350025
5.824,TARGET_1,-0.417154,-0.355648,-0.398366,-0.338626
5.824,TARGET_2,0.435272,0.335272,0.417376,0.341509
5.888,TARGET_1,-0.415144,-0.354061,-0.415638,-0.342784
5.888,TARGET_2,0.433462,0.333462,0.448958,0.314875
5.952,TARGET_1,-0.413135,-0.352475,-0.416692,-0.344963
5.952,TARGET_2,0.431652,0.331652,0.433946,0.336240
6.016,TARGET_1,-0.411126,-0.350889,-0.405161,-0.338382
6.016,TARGET_2,0.429842,0.329842,0.424358,0.332471
6.080,TARGET_1,-0.409117,-0.349303,-0.390376,-0.348851
6.080,TARGET_2,0.428032,0.328032,0.439051,0.322715
6.144,TARGET_1,-0.407107,-0.347716,-0.396957,-0.341019
6.144,TARGET_2,0.426221,0.326221,0.427461,0.312198
6.208,TARGET_1,-0.405098,-0.346130,-0.421182,-0.364229
6.208,TARGET_2,0.424411,0.324411,0.432168,0.309532
6.272,TARGET_1,-0.403089,-0.344544,-0.397922,-0.346732
6.272,TARGET_2,0.422601,0.322601,0.416535,0.308787
6.336,TARGET_1,-0.401079,-0.342957,-0.381873,-0.327005
6.336,TARGET_2,0.420791,0.320791,0.403677,0.337584
6.400,TARGET_1,-0.399070,-0.341371,-0.406820,-0.330947
6.400,TARGET_2,0.418981,0.318981,0.433016,0.332452
6.464,TARGET_1,-0.397061,-0.339785,-0.386705,-0.323651
6.464,TARGET_2,0.417170,0.317170,0.420645,0.302703
6.528,TARGET_1,-0.395051,-0.338198,-0.402252,-0.324574
6.528,TARGET_2,0.415360,0.315360,0.429792,0.304063
6.592,TARGET_1,-0.393042,-0.336612,-0.376873,-0.354790
6.592,TARGET_2,0.413550,0.313550,0.397601,0.323331
6.656,TARGET_1,-0.391033,-0.335026,-0.405631,-0.345105
6.656,TARGET_2,0.411740,0.311740,0.424485,0.315295
6.720,TARGET_1,-0.389024,-0.333440,-0.380993,-0.313795
6.720,TARGET_2,0.409930,0.309930,0.392322,0.293165
6.784,TARGET_1,-0.387014,-0.331853,-0.379140,-0.342694
6.784,TARGET_2,0.408120,0.308120,0.417724,0.313781
6.848,TARGET_1,-0.385005,-0.330267,-0.370564,-0.340385
6.848,TARGET_2,0.406309,0.306309,0.386617,0.298818
6.912,TARGET_1,-0.382996,-0.328681,-0.398714,-0.321265
6.912,TARGET_2,0.406907,0.303820,0.398842,0.292597
6.976,TARGET_1,-0.380986,-0.327094,-0.390444,-0.309210
6.976,TARGET_2,0.407505,0.301331,0.396917,0.301115
7.040,TARGET_1,-0.378977,-0.325508,-0.381998,-0.314601
7.040,TARGET_2,0.408103,0.298842,0.389343,0.306772
7.104,TARGET_1,-0.376968,-0.323922,-0.364308,-0.333458
7.104,TARGET_2,0.408701,0.296353,0.410611,0.286827
7.168,TARGET_1,-0.374958,-0.322336,-0.371320,-0.337436
7.168,TARGET_2,0.409299,0.293863,0.416176,0.313443
7.232,TARGET_1,-0.372949,-0.320749,-0.375130,-0.323432
7.232,TARGET_2,0.409897,0.291374,0.396278,0.277247
7.296,TARGET_1,-0.370940,-0.319163,-0.371659,-0.311547
7.296,TARGET_2,0.410495,0.288885,0.414834,0.275655
7.360,TARGET_1,-0.368931,-0.317577,-0.380638,-0.320159
7.360,TARGET_2,0.411093,0.286396,0.419652,0.287212
7.424,TARGET_1,-0.366921,-0.315990,-0.383618,-0.326857
7.424,TARGET_2,0.411691,0.283907,0.410233,0.293200
7.488,TARGET_1,-0.364912,-0.314404,-0.363794,-0.323977
7.488,TARGET_2,0.412289,0.281417,0.409396,0.267753
7.552,TARGET_1,-0.362903,-0.312818,-0.351381,-0.317515
7.552,TARGET_2,0.412887,0.278928,0.424986,0.277762
7.616,TARGET_1,-0.360893,-0.311232,-0.358258,-0.298125
7.616,TARGET_2,0.413485,0.276439,0.407897,0.273756
7.680,TARGET_1,-0.358884,-0.309645,-0.345697,-0.313003
7.680,TARGET_2,0.414083,0.273950,0.432690,0.293089
7.744,TARGET_1,-0.356875,-0.308059,-0.348855,-0.307348
7.744,TARGET_2,0.414681,0.271461,0.427030,0.256612
7.808,TARGET_1,-0.354865,-0.306473,-0.341838,-0.304220
7.808,TARGET_2,0.415279,0.268971,0.396201,0.280135
7.872,TARGET_1,-0.352856,-0.304886,-0.367047,-0.311477
7.872,TARGET_2,0.415877,0.266482,0.428955,0.281880
7.936,TARGET_1,-0.350847,-0.303300,-0.352574,-0.284583
7.936,TARGET_2,0.416474,0.263993,0.430925,0.247223
8.000,TARGET_1,-0.348838,-0.301714,-0.341399,-0.294032
8.000,TARGET_2,0.417072,0.261504,0.431889,0.251938
8.064,TARGET_1,-0.346828,-0.300128,-0.356133,-0.306117
8.064,TARGET_2,0.417670,0.259015,0.413087,0.245204
8.128,TARGET_1,-0.344819,-0.298541,-0.343051,-0.285816
8.128,TARGET_2,0.418268,0.256526,0.420889,0.253644
8.192,TARGET_1,-0.342810,-0.296955,-0.339181,-0.310546
8.192,TARGET_2,0.418866,0.254036,0.433021,0.247607
8.256,TARGET_1,-0.340800,-0.295369,-0.346184,-0.283502
8.256,TARGET_2,0.419464,0.251547,0.423636,0.250987
8.320,TARGET_1,-0.338791,-0.293782,-0.334784,-0.295391
8.320,TARGET_2,0.420062,0.249058,0.413450,0.255797
8.384,TARGET_1,-0.336782,-0.292196,-0.343492,-0.303233
8.384,TARGET_2,0.420660,0.246569,0.431215,0.242751
8.448,TARGET_1,-0.334772,-0.290610,-0.335377,-0.295065
8.448,TARGET_2,0.421258,0.244080,0.412765,0.229132
8.512,TARGET_1,-0.332763,-0.289024,-0.336643,-0.289213
8.512,TARGET_2,0.421856,0.241590,0.403892,0.245160
8.576,TARGET_1,-0.330754,-0.287437,-0.320736,-0.296962
8.576,TARGET_2,0.422454,0.239101,0.413304,0.240125
8.640,TARGET_1,-0.328745,-0.285851,-0.321760,-0.277300
8.640,TARGET_2,0.423052,0.236612,0.441903,0.219544
8.704,TARGET_1,-0.326735,-0.284265,-0.320942,-0.292554
8.704,TARGET_2,0.423650,0.234123,0.434643,0.214586
8.768,TARGET_1,-0.324726,-0.282678,-0.309879,-0.293605
8.768,TARGET_2,0.424248,0.231634,0.441226,0.224993
8.832,TARGET_1,-0.322717,-0.281092,-0.314353,-0.263485
8.832,TARGET_2,0.424846,0.229144,0.411864,0.216794
8.896,TARGET_1,-0.320707,-0.279506,-0.302422,-0.268075
8.896,TARGET_2,0.425444,0.226655,0.434373,0.236009
8.960,TARGET_1,-0.318698,-0.277919,-0.320575,-0.262661
8.960,TARGET_2,0.426042,0.224166,0.438848,0.239642
9.024,TARGET_1,-0.316689,-0.276333,-0.301667,-0.283102
9.024,TARGET_2,0.426640,0.221677,0.416161,0.225166
9.088,TARGET_1,-0.314679,-0.274747,-0.328424,-0.270350
9.088,TARGET_2,0.427238,0.219188,0.416547,0.219799
9.152,TARGET_1,-0.312670,-0.273161,-0.316215,-0.277101
9.152,TARGET_2,0.427836,0.216699,0.414501,0.230768
9.216,TARGET_1,-0.310661,-0.271574,-0.298900,-0.265269
9.216,TARGET_2,0.428433,0.214209,0.426273,0.197864
9.280,TARGET_1,-0.308652,-0.269988,-0.321455,-0.283113
9.280,TARGET_2,0.429031,0.211720,0.446176,0.209499
9.344,TARGET_1,-0.306642,-0.268402,-0.323155,-0.270681
9.344,TARGET_2,0.429629,0.209231,0.427975,0.223525
9.408,TARGET_1,-0.304633,-0.266815,-0.295042,-0.282400
9.408,TARGET_2,0.430227,0.206742,0.437617,0.194085
9.472,TARGET_1,-0.302624,-0.265229,-0.295460,-0.255492
9.472,TARGET_2,0.430825,0.204253,0.443519,0.205711
9.536,TARGET_1,-0.300614,-0.263643,-0.287360,-0.273032
9.536,TARGET_2,0.431423,0.201763,0.430697,0.195950
9.600,TARGET_1,-0.298605,-0.262057,-0.301178,-0.250337
9.600,TARGET_2,0.432021,0.199274,0.424972,0.187750
9.664,TARGET_1,-0.296596,-0.260470,-0.286988,-0.273486
9.664,TARGET_2,0.432619,0.196785,0.433501,0.212868
9.728,TARGET_1,-0.294586,-0.258884,-0.279723,-0.278681
9.728,TARGET_2,0.433217,0.194296,0.447885,0.207529
9.792,TARGET_1,-0.292577,-0.257298,-0.281174,-0.261236
9.792,TARGET_2,0.433815,0.191807,0.436111,0.181621
9.856,TARGET_1,-0.290568,-0.255711,-0.282545,-0.262910
9.856,TARGET_2,0.434413,0.189317,0.429567,0.182642
9.920,TARGET_1,-0.288559,-0.254125,-0.271302,-0.246352
9.920,TARGET_2,0.435011,0.186828,0.431388,0.195661
9.984,TARGET_1,-0.286549,-0.252539,-0.286079,-0.265421
9.984,TARGET_2,0.435609,0.184339,0.452376,0.180554
10.048,TARGET_1,-0.284540,-0.250953,-0.283360,-0.240089
10.048,TARGET_2,0.436207,0.181850,0.440752,0.187755
10.112,TARGET_1,-0.282531,-0.249366,-0.279730,-0.264725
10.112,TARGET_2,0.436805,0.179361,0.451990,0.193758
10.176,TARGET_1,-0.280521,-0.247780,-0.293409,-0.238479
10.176,TARGET_2,0.437403,0.176872,0.424965,0.157650
10.240,TARGET_1,-0.278512,-0.246194,-0.268835,-0.226529
10.240,TARGET_2,0.438001,0.174382,0.430698,0.179918
10.304,TARGET_1,-0.276503,-0.244607,-0.268051,-0.260934
10.304,TARGET_2,0.438599,0.171893,0.439910,0.184732
10.368,TARGET_1,-0.274493,-0.243021,-0.272631,-0.229844
10.368,TARGET_2,0.439197,0.169404,0.435674,0.167044
10.432,TARGET_1,-0.272484,-0.241435,-0.279903,-0.243831
10.432,TARGET_2,0.439795,0.166915,0.437374,0.185668
10.496,TARGET_1,-0.270475,-0.239849,-0.277225,-0.248062
10.496,TARGET_2,0.440392,0.164426,0.422261,0.183636
10.560,TARGET_1,-0.268466,-0.238262,-0.258054,-0.229105
10.560,TARGET_2,0.440990,0.161936,0.430828,0.177075
10.624,TARGET_1,-0.266456,-0.236676,-0.263564,-0.225064
10.624,TARGET_2,0.441588,0.159447,0.442257,0.173843
10.688,TARGET_1,-0.264447,-0.235090,-0.253551,-0.247853
10.688,TARGET_2,0.442186,0.156958,0.426209,0.163176
10.752,TARGET_1,-0.262438,-0.233503,-0.270402,-0.246306
10.752,TARGET_2,0.442784,0.154469,0.437183,0.137618
10.816,TARGET_1,-0.260428,-0.231917,-0.259849,-0.218916
10.816,TARGET_2,0.443382,0.151980,0.437700,0.168449
10.880,TARGET_1,-0.258419,-0.230331,-0.252271,-0.244916
10.880,TARGET_2,0.443980,0.149490,0.436578,0.135881
10.944,TARGET_1,-0.256410,-0.228745,-0.268294,-0.222479
10.944,TARGET_2,0.444578,0.147001,0.428515,0.135286
11.008,TARGET_1,-0.254400,-0.227158,-0.252444,-0.242783
11.008,TARGET_2,0.445176,0.144512,0.441275,0.160667
11.072,TARGET_1,-0.252391,-0.225572,-0.238584,-0.228666
11.072,TARGET_2,0.445774,0.142023,0.456677,0.126656
11.136,TARGET_1,-0.250382,-0.223986,-0.250912,-0.206659
11.136,TARGET_2,0.446372,0.139534,0.431681,0.150283
11.200,TARGET_1,-0.248373,-0.222399,-0.264243,-0.241127
11.200,TARGET_2,0.446970,0.137045,0.465797,0.153749
11.264,TARGET_1,-0.246363,-0.220813,-0.247347,-0.239249
11.264,TARGET_2,0.447568,0.134555,0.461060,0.149471
11.328,TARGET_1,-0.244354,-0.219227,-0.253083,-0.215638
11.328,TARGET_2,0.448166,0.132066,0.440858,0.148642
11.392,TARGET_1,-0.242345,-0.217640,-0.259072,-0.225299
11.392,TARGET_2,0.448764,0.129577,0.433812,0.134556
11.456,TARGET_1,-0.240335,-0.216054,-0.242679,-0.233697
11.456,TARGET_2,0.449362,0.127088,0.449002,0.121950
11.520,TARGET_1,-0.238326,-0.214468,-0.234031,-0.212696
11.520,TARGET_2,0.449960,0.124599,0.448759,0.143611
11.584,TARGET_1,-0.236317,-0.212882,-0.230836,-0.211104
11.584,TARGET_2,0.450558,0.122109,0.445299,0.105490
11.648,TARGET_1,-0.234307,-0.211295,-0.238756,-0.208564
11.648,TARGET_2,0.451156,0.119620,0.467423,0.111603
11.712,TARGET_1,-0.232298,-0.209709,-0.241059,-0.221574
11.712,TARGET_2,0.451753,0.117131,0.443541,0.119925
11.776,TARGET_1,-0.230289,-0.208123,-0.241338,-0.190349
11.776,TARGET_2,0.452351,0.114642,0.467301,0.130560
11.840,TARGET_1,-0.228280,-0.206536,-0.223014,-0.195314
11.840,TARGET_2,0.452949,0.112153,0.452010,0.127428
